,title,score,id,url,comms_num,created,body
0,"Other than antivax and flat earth stuff, what can someone say that makes you immediately think they are stupid?",111,b6zqyq,https://www.reddit.com/r/AskReddit/comments/b6zqyq/other_than_antivax_and_flat_earth_stuff_what_can/,485,1553878701.0,
1,"Antivaxers turned vaxers, what changed your mind?",32,aj9g95,https://www.reddit.com/r/AskReddit/comments/aj9g95/antivaxers_turned_vaxers_what_changed_your_mind/,48,1548309584.0,
2,How do you convince someone who grew up in an antivax household to go get vaccinated? [Serious],19,bv7csr,https://www.reddit.com/r/AskReddit/comments/bv7csr/how_do_you_convince_someone_who_grew_up_in_an/,28,1559308335.0,
3,"Reddit, every age has some horrible health/medical practices, asbestos, lobotomy, etc. Aside from the antivax movement, what is ours?",17,8nl6cm,https://www.reddit.com/r/AskReddit/comments/8nl6cm/reddit_every_age_has_some_horrible_healthmedical/,65,1527794005.0,
4,"Antivaxers of Reddit, what scientific journals or peer-reviewed studies do you use to support your claims? (Serious)",16,9vurqw,https://www.reddit.com/r/AskReddit/comments/9vurqw/antivaxers_of_reddit_what_scientific_journals_or/,25,1541860810.0,
5,"People who were antivax, what changed your mind?",17,ogl9sa,https://www.reddit.com/r/AskReddit/comments/ogl9sa/people_who_were_antivax_what_changed_your_mind/,72,1625794398.0,
6,How are antivax and flat earth people a thing?,14,bafwkn,https://www.reddit.com/r/AskReddit/comments/bafwkn/how_are_antivax_and_flat_earth_people_a_thing/,36,1554641327.0,
7,Former antivax parents what made you change your mind about vaccines?,13,bi6aqq,https://www.reddit.com/r/AskReddit/comments/bi6aqq/former_antivax_parents_what_made_you_change_your/,19,1556416356.0,
8,People of Reddit who’s parents where antivax that secretly got vaccinated. What where your parents reaction when they found out?,11,chok2g,https://www.reddit.com/r/AskReddit/comments/chok2g/people_of_reddit_whos_parents_where_antivax_that/,13,1564065651.0,
9,What the fuck is the antivax movement all about?,11,bx57hf,https://www.reddit.com/r/AskReddit/comments/bx57hf/what_the_fuck_is_the_antivax_movement_all_about/,49,1559755321.0,
10,"Redditors who are Antivax, how are you feeling with the coronavirus stuff?",12,fhnqk9,https://www.reddit.com/r/AskReddit/comments/fhnqk9/redditors_who_are_antivax_how_are_you_feeling/,38,1584047608.0,
11,"Who has a lower intelligence, antivaxers or flat earthers?",10,b9iyzi,https://www.reddit.com/r/AskReddit/comments/b9iyzi/who_has_a_lower_intelligence_antivaxers_or_flat/,52,1554415045.0,
12,"Reddit, would you support a law requiring all children to be vaccinated?",10,2tm6ck,https://www.reddit.com/r/AskReddit/comments/2tm6ck/reddit_would_you_support_a_law_requiring_all/,46,1422196915.0,"Following up on this discussion, thought I'd get some people's thoughts on this question. 

http://www.reddit.com/r/politics/comments/2tkxnp/would_you_support_a_law_holding_antivax_parents/


Edit: why or why not?
"
13,"Redditors with autism, how do you feel about the antivax argument, ""vaccines causes autism""?",10,g6kxd9,https://www.reddit.com/r/AskReddit/comments/g6kxd9/redditors_with_autism_how_do_you_feel_about_the/,19,1587641062.0,
14,Medical staff of reddit! Whats your worst antivax story?,9,ief4ng,https://www.reddit.com/r/AskReddit/comments/ief4ng/medical_staff_of_reddit_whats_your_worst_antivax/,1,1598086079.0,
15,"People of reddit, what is a good way to articulate the facts to a stubborn antivax/5G believer? What are some good articles, etc that explains the evidence?",9,ihisxi,https://www.reddit.com/r/AskReddit/comments/ihisxi/people_of_reddit_what_is_a_good_way_to_articulate/,9,1598525187.0,
16,"To antivax parents, what is your life plan if your child lives past the age of 3?",8,auc1co,https://www.reddit.com/r/AskReddit/comments/auc1co/to_antivax_parents_what_is_your_life_plan_if_your/,5,1551039418.0,
17,"Antivaxers of reddit, but why though?",7,bfrd0j,https://www.reddit.com/r/AskReddit/comments/bfrd0j/antivaxers_of_reddit_but_why_though/,24,1555868255.0,
18,"People who have an AntiVax Family Member(s), what was the dumbest arguement or ""proof"" you have gotten from them?",7,h11t0b,https://www.reddit.com/r/AskReddit/comments/h11t0b/people_who_have_an_antivax_family_members_what/,5,1591890428.0,
19,"Hey, antivax people, why?",6,chl0qi,https://www.reddit.com/r/AskReddit/comments/chl0qi/hey_antivax_people_why/,64,1564043699.0,
20,"Antivax people of Reddit, what is your honest fear of vaccines?",7,deaoh3,https://www.reddit.com/r/AskReddit/comments/deaoh3/antivax_people_of_reddit_what_is_your_honest_fear/,13,1570401757.0,
21,What do you think it's going to be the next antivax/ flat earth type movement?,7,ed1wlz,https://www.reddit.com/r/AskReddit/comments/ed1wlz/what_do_you_think_its_going_to_be_the_next/,3,1576800395.0,
22,"Antivaxers, flat earthers, people who refuse to admit evolution is real, where did you go wrong In life?",7,jgy0bw,https://www.reddit.com/r/AskReddit/comments/jgy0bw/antivaxers_flat_earthers_people_who_refuse_to/,25,1603494541.0,
23,Antivaxers of reddit. Why?,7,kdxvvt,https://www.reddit.com/r/AskReddit/comments/kdxvvt/antivaxers_of_reddit_why/,9,1608077128.0,
24,What's best way to combat antivaxers and how do you change peoples minds?,5,f9h6kj,https://www.reddit.com/r/AskReddit/comments/f9h6kj/whats_best_way_to_combat_antivaxers_and_how_do/,24,1582664685.0,
25,"Antivaxers of Reddit, how do you feel about the memes/jokes about antivaxers on this site?",6,fbvzj5,https://www.reddit.com/r/AskReddit/comments/fbvzj5/antivaxers_of_reddit_how_do_you_feel_about_the/,4,1583078452.0,
26,How the flying conkers did antivax actually become a thing!?,7,difex3,https://www.reddit.com/r/AskReddit/comments/difex3/how_the_flying_conkers_did_antivax_actually/,6,1571177528.0,
27,People who used to be antivax what made you reconsider your views?,5,ffiqcv,https://www.reddit.com/r/AskReddit/comments/ffiqcv/people_who_used_to_be_antivax_what_made_you/,6,1583699964.0,
28,How do antivax parents explain the autistic kids who didn’t get vaccinations ?,6,f04kri,https://www.reddit.com/r/AskReddit/comments/f04kri/how_do_antivax_parents_explain_the_autistic_kids/,19,1581046453.0,
29,What should a minor do if they want to get vaccinated but their parents are antivaxers?,6,nah4qs,https://www.reddit.com/r/AskReddit/comments/nah4qs/what_should_a_minor_do_if_they_want_to_get/,18,1620796665.0,
30,What happened to the antivax kids you have known?,6,egz2el,https://www.reddit.com/r/AskReddit/comments/egz2el/what_happened_to_the_antivax_kids_you_have_known/,9,1577580689.0,
31,"Antivaxers of Reddit, what would you do if you or your children got tetanus, rabies or some form of plague?",6,93bc2g,https://www.reddit.com/r/AskReddit/comments/93bc2g/antivaxers_of_reddit_what_would_you_do_if_you_or/,18,1533011223.0,
32,This decade had Antivaxers and Flatearthers. What is the next one bringing to the table?,5,ec813s,https://www.reddit.com/r/AskReddit/comments/ec813s/this_decade_had_antivaxers_and_flatearthers_what/,11,1576645341.0,
33,Antivax kids of Reddit who are vaccinated now. How did you found out you should get vaccinated and how did you try to convince your parents after? [serious],5,ct5hq8,https://www.reddit.com/r/AskReddit/comments/ct5hq8/antivax_kids_of_reddit_who_are_vaccinated_now_how/,7,1566332526.0,
34,How should people deal with antivax coworkers?,5,kfpaly,https://www.reddit.com/r/AskReddit/comments/kfpaly/how_should_people_deal_with_antivax_coworkers/,9,1608311913.0,
35,"Antivax parents of reddit, what do you think your child's death may be like? Or what was it like?",4,ck1yvz,https://www.reddit.com/r/AskReddit/comments/ck1yvz/antivax_parents_of_reddit_what_do_you_think_your/,3,1564539395.0,
36,"Antivax parents of reddit. If a cure for Coronavirus is found, will you and your family take it? Why or why not?",4,fgil4r,https://www.reddit.com/r/AskReddit/comments/fgil4r/antivax_parents_of_reddit_if_a_cure_for/,3,1583865380.0,
37,"Medical staff that have had to deal with antivax and new parents, how was the ordeal and how did it affect you?",6,ab5pp1,https://www.reddit.com/r/AskReddit/comments/ab5pp1/medical_staff_that_have_had_to_deal_with_antivax/,1,1546249070.0,
38,How would you react if you found out the artist you're about to get a tattoo from is antivax and you are not antivax?,5,n2i3pj,https://www.reddit.com/r/AskReddit/comments/n2i3pj/how_would_you_react_if_you_found_out_the_artist/,21,1619874849.0,
39,What were the origins of the AntiVax movement and how has its theories developed over time?,3,aimag4,https://www.reddit.com/r/AskReddit/comments/aimag4/what_were_the_origins_of_the_antivax_movement_and/,16,1548159453.0,
40,antivaxers of reddit why are you against vaccines?,5,dub0pg,https://www.reddit.com/r/AskReddit/comments/dub0pg/antivaxers_of_reddit_why_are_you_against_vaccines/,13,1573390045.0,
41,People who were born under the raise of antivax parents. How did u cope with the bs and how did they react when you got vaccinated?,6,f9s9mw,https://www.reddit.com/r/AskReddit/comments/f9s9mw/people_who_were_born_under_the_raise_of_antivax/,19,1582718996.0,
42,Children of antivax parent's how was it like growing up with them?,5,duv5uv,https://www.reddit.com/r/AskReddit/comments/duv5uv/children_of_antivax_parents_how_was_it_like/,6,1573491425.0,
43,Why do antivaxers fear people on the spectrum and autism in general?,6,dbca5u,https://www.reddit.com/r/AskReddit/comments/dbca5u/why_do_antivaxers_fear_people_on_the_spectrum_and/,13,1569853374.0,
44,"What would you do if your parents told you that they had been secretly antivax, and you were never vaccinated as a child?",5,agh8n3,https://www.reddit.com/r/AskReddit/comments/agh8n3/what_would_you_do_if_your_parents_told_you_that/,29,1547611165.0,
45,"Ex-antivaxers of Reddit, what happened that made you trust vaccines?",5,boji38,https://www.reddit.com/r/AskReddit/comments/boji38/exantivaxers_of_reddit_what_happened_that_made/,19,1557843500.0,
46,"Antivax people, what are the resources you know that says vaccinations are bad?",6,fqcodg,https://www.reddit.com/r/AskReddit/comments/fqcodg/antivax_people_what_are_the_resources_you_know/,5,1585367086.0,
47,"Antivaxers of reddit, have you seen someone get a vaccine and then be fine? If so what was your reaction?",5,dje4aa,https://www.reddit.com/r/AskReddit/comments/dje4aa/antivaxers_of_reddit_have_you_seen_someone_get_a/,12,1571352478.0,
48,Why do antivaxers think they are smarter than doctors?,6,esc6bh,https://www.reddit.com/r/AskReddit/comments/esc6bh/why_do_antivaxers_think_they_are_smarter_than/,29,1579701035.0,
49,"People of Reddit, what does it feel like to be in an argument with an antivax/flat earth/anti-mask friends?",6,i3f03s,https://www.reddit.com/r/AskReddit/comments/i3f03s/people_of_reddit_what_does_it_feel_like_to_be_in/,7,1596526564.0,
50,"People who have received a vaccine under their antivax parents’ noses, how did you pull it off?",4,ctfuic,https://www.reddit.com/r/AskReddit/comments/ctfuic/people_who_have_received_a_vaccine_under_their/,4,1566388873.0,
51,"Antivaxer's of Reddit, what essential oils do you recommend for ebola?",2,cks4xz,https://www.reddit.com/r/AskReddit/comments/cks4xz/antivaxers_of_reddit_what_essential_oils_do_you/,14,1564683608.0,
52,How much money does the companies that produce natural oils and supplements for the antivax community make?,5,czrmt0,https://www.reddit.com/r/AskReddit/comments/czrmt0/how_much_money_does_the_companies_that_produce/,3,1567634986.0,
53,"Antivaxers of Reddit (if there are any lol), Why are you antivax?",6,hk3vfw,https://www.reddit.com/r/AskReddit/comments/hk3vfw/antivaxers_of_reddit_if_there_are_any_lol_why_are/,5,1593718984.0,
54,"Ex-antivaxers or karens of reddit, why did you change your mind and what caused it?",4,c9wcgx,https://www.reddit.com/r/AskReddit/comments/c9wcgx/exantivaxers_or_karens_of_reddit_why_did_you/,2,1562435030.0,
55,"With reference to Facebook considering ban on antivax groups, where do we find the balance between allowing freedom of expression and protecting society from harm?",5,aqvw2d,https://www.reddit.com/r/AskReddit/comments/aqvw2d/with_reference_to_facebook_considering_ban_on/,22,1550232161.0,
56,"[Serious] Antivaxers of reddit, why do you believe what you do? What did you see that made you start thinking that way?",4,cqyoxs,https://www.reddit.com/r/AskReddit/comments/cqyoxs/serious_antivaxers_of_reddit_why_do_you_believe/,6,1565915521.0,
57,Do you know an antivaxer? What's the story with them?,4,ajhq6d,https://www.reddit.com/r/AskReddit/comments/ajhq6d/do_you_know_an_antivaxer_whats_the_story_with_them/,8,1548366721.0,
58,Non Americans what are the flat earth Society or antivaxers of your country/town or city?,3,ernz4l,https://www.reddit.com/r/AskReddit/comments/ernz4l/non_americans_what_are_the_flat_earth_society_or/,6,1579573410.0,
59,"Antivaxers of Reddit, why?",5,g2cmup,https://www.reddit.com/r/AskReddit/comments/g2cmup/antivaxers_of_reddit_why/,6,1587033754.0,
60,"[Serious] Antivaxers of reddit, explain logically: why you oppose vaccinations?",3,2dmhk6,https://www.reddit.com/r/AskReddit/comments/2dmhk6/serious_antivaxers_of_reddit_explain_logically/,10,1408100224.0,
61,"Doctors of Reddit, have you ever had an antivax patient, if so what were they like?",4,i6im1m,https://www.reddit.com/r/AskReddit/comments/i6im1m/doctors_of_reddit_have_you_ever_had_an_antivax/,0,1596976525.0,
62,"Antivaxers of reddit(if there are any of you), what is your mental illness?",3,hfwxla,https://www.reddit.com/r/AskReddit/comments/hfwxla/antivaxers_of_redditif_there_are_any_of_you_what/,4,1593128830.0,
63,What far-reaching impact has the antivax movement made in global societies?,5,g4qpuf,https://www.reddit.com/r/AskReddit/comments/g4qpuf/what_farreaching_impact_has_the_antivax_movement/,5,1587380401.0,
64,"Doctors of Reddit, what was your craziest experience with antivax parents?",3,l79lfb,https://www.reddit.com/r/AskReddit/comments/l79lfb/doctors_of_reddit_what_was_your_craziest/,0,1611869720.0,
65,"People with antivax parents,how do you feel about antivax parents memes?",5,cy37oa,https://www.reddit.com/r/AskReddit/comments/cy37oa/people_with_antivax_parentshow_do_you_feel_about/,1,1567297266.0,
66,"Serious. If you were once a consiparcy theorists (5G is evil, Bill Gates is the devil, antivax) what did it take for you to de-radicalize?",2,gjw4cf,https://www.reddit.com/r/AskReddit/comments/gjw4cf/serious_if_you_were_once_a_consiparcy_theorists/,5,1589493686.0,
67,Parents fron reddit with antivax families whats some crazy things they have done to stop you from vaccinating your kids?,4,gy7t2o,https://www.reddit.com/r/AskReddit/comments/gy7t2o/parents_fron_reddit_with_antivax_families_whats/,1,1591514084.0,
68,Ex-antivaxers of Reddit who or what made you change you‘re mind?,3,c3iuh3,https://www.reddit.com/r/AskReddit/comments/c3iuh3/exantivaxers_of_reddit_who_or_what_made_you/,3,1561163386.0,
69,People who know antivaxxers: Was the person that you know always antivax?,5,dxuimm,https://www.reddit.com/r/AskReddit/comments/dxuimm/people_who_know_antivaxxers_was_the_person_that/,3,1574033164.0,
70,"What's the deal with the west and Russia? Why does the west antagonise Russia and why does Russia apparently mess with elections, Brexit, antivax? Feel like NATO has turned into a self fulfilling prophecy. [Serious]",3,dsmeof,https://www.reddit.com/r/AskReddit/comments/dsmeof/whats_the_deal_with_the_west_and_russia_why_does/,6,1573073723.0,
71,What is the shortest sarcastic/condescending answer you could say to antivax remarks ?,4,kz304k,https://www.reddit.com/r/AskReddit/comments/kz304k/what_is_the_shortest_sarcasticcondescending/,7,1610873527.0,
72,What the hell political motivation is behind the antivax movement? Who is their supreme leader?,4,nvq3r6,https://www.reddit.com/r/AskReddit/comments/nvq3r6/what_the_hell_political_motivation_is_behind_the/,22,1623224525.0,
73,Why is the Antivax / Provax argument so polarised?,6,bhj8vm,https://www.reddit.com/r/AskReddit/comments/bhj8vm/why_is_the_antivax_provax_argument_so_polarised/,35,1556261107.0,
74,"Antivaxers of reddit, now's your chance to go to China and prove us wrong, what will you do?",3,f514jh,https://www.reddit.com/r/AskReddit/comments/f514jh/antivaxers_of_reddit_nows_your_chance_to_go_to/,4,1581904255.0,
75,What would be a loading screen tip if you were near an antivax or anti-5G protest?,5,gk0fio,https://www.reddit.com/r/AskReddit/comments/gk0fio/what_would_be_a_loading_screen_tip_if_you_were/,5,1589508679.0,
76,"Ex Antivaxers of reddit, what caused your brain to start working again and think ""hey vaccines keep people from being sick""?",6,geflsc,https://www.reddit.com/r/AskReddit/comments/geflsc/ex_antivaxers_of_reddit_what_caused_your_brain_to/,22,1588751158.0,
77,Should antivax parents be charged with child neglect? Why or why not?,4,dxh72h,https://www.reddit.com/r/AskReddit/comments/dxh72h/should_antivax_parents_be_charged_with_child/,17,1573960010.0,
78,Children of antivaxers who got vaccinated in their adulthood did your parents flip out?,3,hhwmif,https://www.reddit.com/r/AskReddit/comments/hhwmif/children_of_antivaxers_who_got_vaccinated_in/,3,1593422054.0,
79,How much of an epidemic can the Antivax movement really cause?,2,aiddde,https://www.reddit.com/r/AskReddit/comments/aiddde/how_much_of_an_epidemic_can_the_antivax_movement/,12,1548097160.0,
80,"What's your best ""shut you down"" replies to antivaxers?",3,lo2azj,https://www.reddit.com/r/AskReddit/comments/lo2azj/whats_your_best_shut_you_down_replies_to/,14,1613807505.0,
81,"People who are antivax, what are some reasons you refuse to vaccinate?",3,l00ide,https://www.reddit.com/r/AskReddit/comments/l00ide/people_who_are_antivax_what_are_some_reasons_you/,14,1610994627.0,
82,"[Serious] why do you antivaxers, antimasks or flat earthers think that things?",3,kbmnt1,https://www.reddit.com/r/AskReddit/comments/kbmnt1/serious_why_do_you_antivaxers_antimasks_or_flat/,22,1607767104.0,
83,What will antivax parents claim if their child suffers from autism?,3,aykh4g,https://www.reddit.com/r/AskReddit/comments/aykh4g/what_will_antivax_parents_claim_if_their_child/,7,1552008527.0,
84,"Antivaxers of Reddit, what is some actual evidence that vaccines are harmful and not helpful?",3,enodkp,https://www.reddit.com/r/AskReddit/comments/enodkp/antivaxers_of_reddit_what_is_some_actual_evidence/,18,1578841065.0,
85,"People who used to be on any of the antivax/flat-earth/5g-causes-cancer train, how did you get off the train?",3,jryoan,https://www.reddit.com/r/AskReddit/comments/jryoan/people_who_used_to_be_on_any_of_the/,1,1605058974.0,
86,"Other than the usual antivax/flat-earthers shenanigans, what’s the most bullshit fact you’ve seen some people believe?",3,b003jr,https://www.reddit.com/r/AskReddit/comments/b003jr/other_than_the_usual_antivaxflatearthers/,35,1552344866.0,
87,"[Serious] Pediatricians of Reddit, how do you react to antivax parents? How often does it happen in your practice, and how often are you able to persuade them to vaccinate their children?",3,bffb64,https://www.reddit.com/r/AskReddit/comments/bffb64/serious_pediatricians_of_reddit_how_do_you_react/,1,1555784404.0,
88,What is something you have always wanted to ask an Antivax person?,3,ax95sp,https://www.reddit.com/r/AskReddit/comments/ax95sp/what_is_something_you_have_always_wanted_to_ask/,19,1551717716.0,
89,What are the chances antivaxers are all just trypanophobes (afraid of needles)?,3,awf2p7,https://www.reddit.com/r/AskReddit/comments/awf2p7/what_are_the_chances_antivaxers_are_all_just/,3,1551510090.0,
90,"Doctors of reddit, what was your worse case of antivax?",3,mxkgqe,https://www.reddit.com/r/AskReddit/comments/mxkgqe/doctors_of_reddit_what_was_your_worse_case_of/,1,1619272579.0,
91,Where did all the antivaxers go after this outbreak?,3,fmp9ov,https://www.reddit.com/r/AskReddit/comments/fmp9ov/where_did_all_the_antivaxers_go_after_this/,7,1584832776.0,
92,"Health care workers of Reddit, what are some antivax stories you have?",3,b8rme8,https://www.reddit.com/r/AskReddit/comments/b8rme8/health_care_workers_of_reddit_what_are_some/,4,1554253865.0,
93,"People who were children of antivaxers, if/when you got vaccinated on your own, how did your parents react?",3,ji796u,https://www.reddit.com/r/AskReddit/comments/ji796u/people_who_were_children_of_antivaxers_ifwhen_you/,1,1603682308.0,
94,How do you feel about antivaxers?,3,hy99zx,https://www.reddit.com/r/AskReddit/comments/hy99zx/how_do_you_feel_about_antivaxers/,17,1595778992.0,
95,"Antivax parents of reddit, why?",4,eixmx9,https://www.reddit.com/r/AskReddit/comments/eixmx9/antivax_parents_of_reddit_why/,10,1577968036.0,
96,"Doctors: what are your experiences with antivax parents, and what happened to their children? (Serious)",3,g46uee,https://www.reddit.com/r/AskReddit/comments/g46uee/doctors_what_are_your_experiences_with_antivax/,1,1587299154.0,
97,"Doctors of reddit, what is the worst reason you’ve heard for someone being antivax?",3,hbd4yd,https://www.reddit.com/r/AskReddit/comments/hbd4yd/doctors_of_reddit_what_is_the_worst_reason_youve/,1,1592481043.0,
98,"If you know an antivax family with complications from preventable conditions, what happened after? What was the aftermath?",3,b8oi8p,https://www.reddit.com/r/AskReddit/comments/b8oi8p/if_you_know_an_antivax_family_with_complications/,1,1554237118.0,
99,"Antivaxers of Reddit, why did you become antivax and what scientific evidence do you have to support your choices?",2,a8y84m,https://www.reddit.com/r/AskReddit/comments/a8y84m/antivaxers_of_reddit_why_did_you_become_antivax/,13,1545598280.0,
